<application>
  <component name="libraryTable">
    <library name="scala-sdk-2.13.3" type="Scala">
      <properties>
        <language-level>Scala_2_13</language-level>
        <compiler-classpath>
          <root url="file:///usr/local/Cellar/scala/2.13.3/libexec/lib/scala-library.jar" />
          <root url="file:///usr/local/Cellar/scala/2.13.3/libexec/lib/scala-compiler.jar" />
          <root url="file:///usr/local/Cellar/scala/2.13.3/libexec/lib/scala-reflect.jar" />
        </compiler-classpath>
      </properties>
      <CLASSES>
        <root url="jar:///usr/local/Cellar/scala/2.13.3/libexec/lib/scala-library.jar!/" />
        <root url="jar:///usr/local/Cellar/scala/2.13.3/libexec/lib/scala-reflect.jar!/" />
      </CLASSES>
      <JAVADOC>
        <root url="https://www.scala-lang.org/api/2.13.3/" />
      </JAVADOC>
      <SOURCES />
    </library>
  </component>
</application>